izvjestaj_id,zupanija_id,broj_ukupno_zarazenih,broj_ukupno_umrlih,broj_novozarazenih,broj_aktivnih
1796,1,17856,339,164,930
1796,2,26395,354,266,1370
1796,3,29276,255,330,2220
1796,4,201546,4232,2197,16054
1796,5,23345,344,283,2087
1796,6,23261,655,187,761
1796,7,20725,428,256,1239
1796,8,25559,524,209,1963
1796,9,8811,201,89,444
1796,10,29613,291,547,2867
1796,11,48655,1422,497,2906
1796,12,10332,190,134,758
1796,13,78062,858,1060,7603
1796,14,26129,282,269,1778
1796,15,27330,284,346,2376
1796,16,121333,1091,1577,10805
1796,17,43264,866,581,2611
1796,18,12030,229,109,585
1796,19,24574,374,242,1263
1796,20,37519,396,444,1975
1796,21,74059,10,713,4781
1795,1,17692,335,51,879
1795,2,26129,352,306,1306
1795,3,28946,254,449,2315
1795,4,199349,4214,2331,15955
1795,5,23062,343,319,2059
1795,6,23074,653,183,706
1795,7,20469,428,205,1099
1795,8,25350,522,351,1975
1795,9,8722,199,77,402
1795,10,29066,290,560,2593
1795,11,48158,1421,421,2901
1795,12,10198,190,161,740
1795,13,77002,854,1756,7487
1795,14,25860,277,277,1773
1795,15,26984,280,452,2349
1795,16,119756,1087,1644,10495
1795,17,42683,866,539,2511
1795,18,11921,229,145,537
1795,19,24332,372,199,1236
1795,20,37075,390,474,1958
1795,21,73346,10,732,4751
1794,1,17641,335,289,763
1794,2,25823,350,147,1176
1794,3,28497,251,396,2223
1794,4,197018,4199,2009,14729
1794,5,22743,340,314,1866
1794,6,22891,651,129,686
1794,7,20264,425,122,946
1794,8,24999,519,161,1719
1794,9,8645,198,77,378
1794,10,28506,289,314,2247
1794,11,47737,1419,390,2709
1794,12,10037,189,67,670
1794,13,75246,853,778,5971
1794,14,25583,271,222,1599
1794,15,26532,277,337,2012
1794,16,118112,1076,1332,9100
1794,17,42144,862,369,2315
1794,18,11776,228,45,486
1794,19,24133,371,214,1143
1794,20,36601,389,359,1783
1794,21,72614,10,580,4345
1793,1,17352,335,3,773
1793,2,25676,348,152,1290
1793,3,28101,248,14,2190
1793,4,195009,4180,888,14200
1793,5,22429,338,97,1653
1793,6,22762,650,6,666
1793,7,20142,425,2,938
1793,8,24838,516,16,1771
1793,9,8568,195,0,333
1793,10,28192,287,5,2132
1793,11,47347,1419,121,2692
1793,12,9970,189,35,720
1793,13,74468,850,37,5658
1793,14,25361,270,8,1453
1793,15,26195,276,25,1799
1793,16,116780,1068,60,8798
1793,17,41775,861,138,2284
1793,18,11731,227,66,502
1793,19,23919,370,6,1138
1793,20,36242,389,11,1816
1793,21,72034,10,141,4267
1792,1,17349,335,117,893
1792,2,25524,343,148,1287
1792,3,28087,248,229,2473
1792,4,194121,4164,1685,15503
1792,5,22332,337,199,1749
1792,6,22756,650,67,755
1792,7,20140,425,60,1079
1792,8,24822,513,180,1953
1792,9,8568,195,55,381
1792,10,28187,287,388,2296
1792,11,47226,1414,317,3052
1792,12,9935,189,133,742
1792,13,74431,847,608,6380
1792,14,25353,268,52,1667
1792,15,26170,276,167,2042
1792,16,116720,1065,1135,10191
1792,17,41637,859,450,2403
1792,18,11665,226,63,505
1792,19,23913,368,197,1376
1792,20,36231,388,227,2149
1792,21,71893,10,618,4711
1791,1,17232,334,142,889
1791,2,25376,343,272,1317
1791,3,27858,248,365,2548
1791,4,192436,4151,2561,15688
1791,5,22133,335,323,1725
1791,6,22689,650,190,788
1791,7,20080,425,209,1154
1791,8,24642,512,243,1982
1791,9,8513,195,77,375
1791,10,27799,286,392,2092
1791,11,46909,1413,504,3116
1791,12,9802,187,150,667
1791,13,73823,846,1097,6312
1791,14,25301,267,252,1864
1791,15,26003,273,319,2073
1791,16,115585,1059,1412,10405
1791,17,41187,858,507,2192
1791,18,11602,224,91,559
1791,19,23716,367,242,1435
1791,20,36004,388,514,2243
1791,21,71275,10,839,4673
1790,1,17090,333,213,859
1790,2,25104,342,263,1307
1790,3,27493,247,440,2547
1790,4,189875,4137,2751,15291
1790,5,21810,331,395,1568
1790,6,22499,648,204,742
1790,7,19871,425,223,1084
1790,8,24399,512,369,1941
1790,9,8436,195,55,341
1790,10,27407,286,384,1854
1790,11,46405,1411,498,3014
1790,12,9652,187,138,578
1790,13,72726,845,952,5911
1790,14,25049,267,288,1878
1790,15,25684,272,320,2017
1790,16,114173,1054,1434,10371
1790,17,40680,856,556,1915
1790,18,11511,224,79,551
1790,19,23474,367,231,1426
1790,20,35490,386,433,2058
1790,21,70436,10,888,4418
1789,1,16877,333,186,763
1789,2,24841,342,259,1309
1789,3,27053,245,382,2498
1789,4,187124,4123,2489,14838
1789,5,21415,331,341,1307
1789,6,22295,646,130,686
1789,7,19648,425,202,1049
1789,8,24030,511,288,1890
1789,9,8381,195,103,335
1789,10,27023,283,384,1607
1789,11,45907,1409,657,2912
1789,12,9514,187,113,516
1789,13,71774,844,1016,5685
1789,14,24761,266,337,1762
1789,15,25364,270,610,1959
1789,16,112739,1049,1595,10358
1789,17,40124,855,389,1615
1789,18,11432,224,179,569
1789,19,23243,366,229,1396
1789,20,35057,386,490,1967
1789,21,69548,10,964,4172
1788,1,16691,332,252,685
1788,2,24582,340,251,1251
1788,3,26671,242,569,2383
1788,4,184635,4108,2206,14521
1788,5,21074,327,237,1099
1788,6,22165,645,140,696
1788,7,19446,424,206,945
1788,8,23742,511,392,1809
1788,9,8278,195,42,281
1788,10,26639,283,411,1311
1788,11,45250,1406,576,2679
1788,12,9401,186,128,475
1788,13,70758,843,1048,5641
1788,14,24424,266,344,1754
1788,15,24754,269,229,1595
1788,16,111144,1041,1531,10361
1788,17,39735,854,316,1390
1788,18,11253,224,45,425
1788,19,23014,365,301,1348
1788,20,34567,386,484,1817
1788,21,68584,10,719,3742
1787,1,16439,331,21,512
1787,2,24331,339,167,1217
1787,3,26102,239,442,2056
1787,4,182429,4100,1826,13304
1787,5,20837,324,177,996
1787,6,22025,644,144,695
1787,7,19240,422,108,780
1787,8,23350,510,187,1500
1787,9,8236,195,49,279
1787,10,26228,283,166,997
1787,11,44674,1401,278,2262
1787,12,9273,185,98,381
1787,13,69710,843,825,4767
1787,14,24080,265,220,1490
1787,15,24525,269,206,1462
1787,16,109613,1029,1244,9125
1787,17,39419,853,192,1219
1787,18,11208,222,46,426
1787,19,22713,364,212,1160
1787,20,34083,384,371,1593
1787,21,67865,10,569,3307
1786,1,16418,328,9,589
1786,2,24164,335,127,1310
1786,3,25660,238,23,1996
1786,4,180603,4084,720,13028
1786,5,20660,323,37,962
1786,6,21881,641,11,694
1786,7,19132,418,3,765
1786,8,23163,509,18,1512
1786,9,8187,195,14,278
1786,10,26062,282,6,934
1786,11,44396,1398,81,2272
1786,12,9175,183,1,349
1786,13,68885,840,55,4500
1786,14,23860,262,16,1377
1786,15,24319,267,13,1356
1786,16,108369,1027,52,9170
1786,17,39227,853,52,1152
1786,18,11162,222,38,419
1786,19,22501,361,8,1119
1786,20,33712,381,12,1551
1786,21,67296,10,101,3108
1785,1,16409,326,86,679
1785,2,24037,333,218,1425
1785,3,25637,236,268,2309
1785,4,179883,4074,1478,14523
1785,5,20623,319,89,1190
1785,6,21870,641,70,768
1785,7,19129,416,63,875
1785,8,23145,508,223,1676
1785,9,8173,195,6,333
1785,10,26056,281,172,1011
1785,11,44315,1394,390,2521
1785,12,9174,183,80,415
1785,13,68830,838,367,5337
1785,14,23844,259,37,1513
1785,15,24306,266,73,1595
1785,16,108317,1024,1012,10967
1785,17,39175,852,148,1255
1785,18,11124,222,50,447
1785,19,22493,361,238,1246
1785,20,33700,380,260,1904
1785,21,67195,10,404,3510
1784,1,16323,325,137,712
1784,2,23819,333,195,1431
1784,3,25369,234,303,2397
1784,4,178405,4062,2214,13945
1784,5,20534,316,200,1417
1784,6,21800,641,173,795
1784,7,19066,416,147,854
1784,8,22922,508,169,1537
1784,9,8167,195,83,381
1784,10,25884,278,193,930
1784,11,43925,1393,489,2359
1784,12,9094,183,8,393
1784,13,68463,833,777,5348
1784,14,23807,258,236,1572
1784,15,24233,263,318,1630
1784,16,107305,1015,1579,11072
1784,17,39027,850,316,1243
1784,18,11074,222,30,439
1784,19,22255,358,271,1146
1784,20,33440,380,444,2038
1784,21,66791,10,676,3407
1783,1,16186,325,179,664
1783,2,23624,329,228,1575
1783,3,25066,234,367,2503
1783,4,176191,4048,2030,13990
1783,5,20334,314,160,1582
1783,6,21627,639,199,755
1783,7,18919,416,137,836
1783,8,22753,508,221,1579
1783,9,8084,195,66,381
1783,10,25691,278,178,818
1783,11,43436,1392,404,2323
1783,12,9086,183,81,447
1783,13,67686,832,615,5511
1783,14,23571,257,294,1760
1783,15,23915,262,228,1539
1783,16,105726,1009,1455,11534
1783,17,38711,849,239,1074
1783,18,11044,222,152,460
1783,19,21984,356,279,1145
1783,20,32996,380,390,2110
1783,21,66115,10,653,3203
1782,1,16007,325,97,593
1782,2,23396,326,322,1557
1782,3,24699,234,388,2560
1782,4,174161,4042,2279,13872
1782,5,20174,312,262,1562
1782,6,21428,639,133,658
1782,7,18782,416,131,833
1782,8,22532,508,391,1530
1782,9,8018,194,68,402
1782,10,25513,278,135,705
1782,11,43032,1389,472,2233
1782,12,9005,183,72,440
1782,13,67071,826,753,5817
1782,14,23277,257,282,1608
1782,15,23687,260,229,1508
1782,16,104271,1003,1428,11955
1782,17,38472,846,240,979
1782,18,10892,222,33,360
1782,19,21705,356,273,1106
1782,20,32606,380,404,2201
1782,21,65462,10,765,3021
1781,1,15910,325,207,584
1781,2,23074,325,278,1403
1781,3,24311,232,554,2635
1781,4,171882,4032,2429,13051
1781,5,19912,310,244,1456
1781,6,21295,638,219,652
1781,7,18651,416,212,755
1781,8,22141,508,196,1283
1781,9,7950,194,66,377
1781,10,25378,278,234,626
1781,11,42560,1388,378,2041
1781,12,8933,183,103,408
1781,13,66318,824,979,5704
1781,14,22995,256,274,1496
1781,15,23458,260,312,1427
1781,16,102843,1001,1519,12055
1781,17,38232,845,181,870
1781,18,10859,222,118,362
1781,19,21432,356,269,1061
1781,20,32202,380,487,2225
1781,21,64697,10,635,2580
1780,1,15703,324,13,446
1780,2,22796,325,126,1300
1780,3,23757,232,443,2446
1780,4,169453,4026,2032,11408
1780,5,19668,306,256,1344
1780,6,21076,638,118,517
1780,7,18439,413,87,569
1780,8,21945,506,223,1130
1780,9,7884,193,68,356
1780,10,25144,277,65,436
1780,11,42182,1387,343,1789
1780,12,8830,183,68,335
1780,13,65339,823,727,4877
1780,14,22721,255,332,1480
1780,15,23146,258,241,1186
1780,16,101324,1000,1629,10971
1780,17,38051,844,93,780
1780,18,10741,221,28,268
1780,19,21163,356,206,948
1780,20,31715,379,437,2068
1780,21,64062,10,421,2174
1779,1,15690,324,18,505
1779,2,22670,323,228,1282
1779,3,23314,232,25,2367
1779,4,167421,4013,709,9834
1779,5,19412,305,72,1197
1779,6,20958,637,8,475
1779,7,18352,412,5,514
1779,8,21722,505,10,952
1779,9,7816,193,1,316
1779,10,25079,277,5,405
1779,11,41839,1383,81,1546
1779,12,8762,183,4,294
1779,13,64612,820,39,4256
1779,14,22389,251,1,1277
1779,15,22905,257,31,998
1779,16,99695,996,80,9554
1779,17,37958,842,69,764
1779,18,10713,221,59,271
1779,19,20957,356,10,884
1779,20,31278,378,15,1934
1779,21,63641,10,108,1988
1778,1,15672,324,95,527
1778,2,22442,322,307,1168
1778,3,23289,230,407,2676
1778,4,166712,3998,1819,10135
1778,5,19340,302,212,1278
1778,6,20950,637,76,522
1778,7,18347,409,83,590
1778,8,21712,505,186,1027
1778,9,7815,193,52,340
1778,10,25074,277,108,441
1778,11,41758,1382,248,1661
1778,12,8758,183,71,328
1778,13,64573,818,694,4687
1778,14,22388,250,134,1460
1778,15,22874,255,242,1076
1778,16,99615,989,1481,10401
1778,17,37889,840,148,772
1778,18,10654,221,70,253
1778,19,20947,356,188,1002
1778,20,31263,377,339,2208
1778,21,63533,10,373,2081
1777,1,15577,322,136,467
1777,2,22135,322,144,960
1777,3,22882,229,594,2567
1777,4,164893,3983,1936,9305
1777,5,19128,300,304,1217
1777,6,20874,637,169,500
1777,7,18264,408,113,578
1777,8,21526,505,233,907
1777,9,7763,193,102,309
1777,10,24966,277,98,366
1777,11,41510,1382,335,1611
1777,12,8687,182,83,293
1777,13,63879,817,839,4442
1777,14,22254,249,265,1489
1777,15,22632,253,155,933
1777,16,98134,981,1930,10279
1777,17,37741,839,109,724
1777,18,10584,219,30,216
1777,19,20759,356,242,916
1777,20,30924,377,521,2180
1777,21,63160,10,479,1983
1776,1,15441,322,107,370
1776,2,21991,322,174,910
1776,3,22288,227,173,2332
1776,4,162957,3972,569,8307
1776,5,18824,297,128,1052
1776,6,20705,636,4,398
1776,7,18151,406,9,553
1776,8,21293,504,191,776
1776,9,7661,193,5,234
1776,10,24868,277,6,325
1776,11,41175,1381,158,1460
1776,12,8604,181,10,241
1776,13,63040,814,369,4029
1776,14,21989,249,16,1451
1776,15,22477,253,199,895
1776,16,96204,976,1288,9856
1776,17,37632,836,109,709
1776,18,10554,219,19,213
1776,19,20517,356,63,781
1776,20,30403,374,230,2011
1776,21,62681,10,84,1763
1775,1,15334,321,8,314
1775,2,21817,322,244,816
1775,3,22115,226,525,2542
1775,4,162388,3957,2141,8699
1775,5,18696,295,252,1158
1775,6,20701,634,72,469
1775,7,18142,403,141,647
1775,8,21102,504,68,666
1775,9,7656,193,105,263
1775,10,24862,276,65,377
1775,11,41017,1375,373,1504
1775,12,8594,180,58,258
1775,13,62671,813,1029,4186
1775,14,21973,249,402,1577
1775,15,22278,252,53,833
1775,16,94916,975,1809,9669
1775,17,37523,834,234,719
1775,18,10535,218,76,232
1775,19,20454,354,234,791
1775,20,30173,373,555,2136
1775,21,62597,10,614,1997
1774,1,15326,321,156,330
1774,2,21573,321,189,668
1774,3,21590,226,567,2390
1774,4,160247,3944,1828,7284
1774,5,18444,292,187,1078
1774,6,20629,634,162,459
1774,7,18001,402,165,559
1774,8,21034,504,180,682
1774,9,7551,193,44,188
1774,10,24797,276,116,356
1774,11,40644,1373,291,1294
1774,12,8536,180,62,227
1774,13,61642,810,920,3568
1774,14,21571,249,303,1350
1774,15,22225,251,230,874
1774,16,93107,971,1832,9027
1774,17,37289,833,133,586
1774,18,10459,218,10,172
1774,19,20220,353,247,618
1774,20,29618,370,544,1883
1774,21,61983,10,421,1609
1773,1,15170,321,37,198
1773,2,21384,321,135,527
1773,3,21023,224,520,2113
1773,4,158419,3934,1264,5938
1773,5,18257,288,205,1006
1773,6,20467,634,108,345
1773,7,17836,401,64,432
1773,8,20854,503,101,536
1773,9,7507,193,40,164
1773,10,24681,276,18,276
1773,11,40353,1371,223,1083
1773,12,8474,180,50,191
1773,13,60722,808,471,2754
1773,14,21268,249,241,1183
1773,15,21995,249,184,700
1773,16,91275,968,1302,7401
1773,17,37156,832,75,534
1773,18,10449,217,12,173
1773,19,19973,352,128,411
1773,20,29074,368,400,1534
1773,21,61562,10,267,1390
1772,1,15133,321,7,190
1772,2,21249,321,19,475
1772,3,20503,222,47,1900
1772,4,157155,3916,411,5100
1772,5,18052,287,16,960
1772,6,20359,632,3,290
1772,7,17772,401,0,407
1772,8,20753,500,14,461
1772,9,7467,193,0,143
1772,10,24663,276,25,316
1772,11,40130,1369,17,958
1772,12,8424,180,1,157
1772,13,60251,806,31,2383
1772,14,21027,245,16,1112
1772,15,21811,248,17,585
1772,16,89973,961,226,6307
1772,17,37081,832,38,558
1772,18,10437,216,23,171
1772,19,19845,351,4,334
1772,20,28674,366,139,1369
1772,21,61295,10,49,1336
1771,1,15126,321,2,214
1771,2,21230,318,73,531
1771,3,20456,222,19,2054
1771,4,156744,3895,74,5377
1771,5,18036,284,68,1099
1771,6,20356,632,0,350
1771,7,17772,401,1,472
1771,8,20739,499,2,515
1771,9,7467,193,17,161
1771,10,24638,276,2,324
1771,11,40113,1367,48,1095
1771,12,8423,180,5,181
1771,13,60220,803,12,2683
1771,14,21011,244,4,1262
1771,15,21794,248,6,658
1771,16,89747,958,54,6548
1771,17,37043,829,3,598
1771,18,10414,215,7,168
1771,19,19841,351,1,375
1771,20,28535,363,3,1412
1771,21,61246,10,12,1467
1770,1,15124,321,44,244
1770,2,21157,317,107,514
1770,3,20437,220,469,2171
1770,4,156670,3885,1100,5881
1770,5,17968,283,184,1124
1770,6,20356,631,43,386
1770,7,17771,399,89,535
1770,8,20737,498,83,568
1770,9,7450,193,13,155
1770,10,24636,276,37,362
1770,11,40065,1365,179,1174
1770,12,8418,178,45,191
1770,13,60208,799,557,2915
1770,14,21007,243,269,1388
1770,15,21788,246,125,704
1770,16,89693,955,1156,7038
1770,17,37040,825,77,669
1770,18,10407,215,28,183
1770,19,19840,351,103,424
1770,20,28532,360,314,1587
1770,21,61234,10,271,1682
1769,1,15080,321,44,227
1769,2,21050,317,97,456
1769,3,19968,220,454,1852
1769,4,155570,3873,969,5468
1769,5,17784,280,176,1086
1769,6,20313,631,58,389
1769,7,17682,399,82,524
1769,8,20654,497,73,538
1769,9,7437,193,39,155
1769,10,24599,276,63,358
1769,11,39886,1365,195,1142
1769,12,8373,178,38,163
1769,13,59651,796,489,2614
1769,14,20738,243,234,1245
1769,15,21663,245,106,635
1769,16,88537,950,1482,6385
1769,17,36963,821,126,695
1769,18,10379,215,52,184
1769,19,19737,348,96,377
1769,20,28218,360,378,1476
1769,21,60963,10,316,1588
1768,1,15036,320,30,220
1768,2,20953,315,151,423
1768,3,19514,218,383,1533
1768,4,154601,3861,1084,5314
1768,5,17608,278,238,1048
1768,6,20255,630,90,392
1768,7,17600,397,108,547
1768,8,20581,496,104,542
1768,9,7398,192,35,142
1768,10,24536,275,59,353
1768,11,39691,1362,230,1117
1768,12,8335,178,35,154
1768,13,59162,793,440,2432
1768,14,20504,241,307,1222
1768,15,21557,244,179,640
1768,16,87055,944,1488,5435
1768,17,36837,818,219,680
1768,18,10327,215,41,162
1768,19,19641,346,72,351
1768,20,27840,360,324,1325
1768,21,60647,10,341,1489
1767,1,15006,320,87,218
1767,2,20802,314,61,325
1767,3,19131,217,421,1255
1767,4,153517,3851,1100,4832
1767,5,17370,278,222,903
1767,6,20165,629,125,355
1767,7,17492,395,154,481
1767,8,20477,493,96,509
1767,9,7363,192,28,127
1767,10,24477,275,102,335
1767,11,39461,1361,250,1033
1767,12,8300,178,38,139
1767,13,58722,793,531,2277
1767,14,20197,240,356,1068
1767,15,21378,244,142,550
1767,16,85567,941,1160,4420
1767,17,36618,817,119,561
1767,18,10286,213,30,143
1767,19,19569,346,104,328
1767,20,27516,359,314,1138
1767,21,60306,10,328,1353
1766,1,14919,319,15,150
1766,2,20741,314,71,308
1766,3,18710,217,379,933
1766,4,152417,3835,766,4093
1766,5,17148,274,191,808
1766,6,20040,628,66,280
1766,7,17338,392,43,377
1766,8,20381,493,97,436
1766,9,7335,192,32,119
1766,10,24375,275,36,276
1766,11,39211,1357,150,874
1766,12,8262,177,20,120
1766,13,58191,793,407,1798
1766,14,19841,240,184,828
1766,15,21236,243,78,463
1766,16,84407,936,965,3380
1766,17,36499,813,86,516
1766,18,10256,212,3,129
1766,19,19465,346,48,277
1766,20,27202,359,246,959
1766,21,59978,10,256,1217
1765,1,14904,318,5,177
1765,2,20670,314,12,292
1765,3,18331,215,22,666
1765,4,151651,3816,264,3900
1765,5,16957,270,16,776
1765,6,19974,626,2,286
1765,7,17295,391,1,393
1765,8,20284,493,6,408
1765,9,7303,191,0,118
1765,10,24339,274,27,308
1765,11,39061,1354,15,857
1765,12,8242,177,0,121
1765,13,57784,787,20,1538
1765,14,19657,240,10,818
1765,15,21158,243,8,455
1765,16,83442,936,20,2650
1765,17,36413,806,13,540
1765,18,10253,211,8,151
1765,19,19417,345,1,281
1765,20,26956,358,68,865
1765,21,59722,10,42,1151
1764,1,14899,316,1,202
1764,2,20658,310,11,341
1764,3,18309,213,6,746
1764,4,151387,3803,26,4273
1764,5,16941,265,29,885
1764,6,19972,626,0,346
1764,7,17294,389,0,482
1764,8,20278,492,3,491
1764,9,7303,191,0,129
1764,10,24312,270,1,336
1764,11,39046,1349,19,1025
1764,12,8242,177,1,143
1764,13,57764,785,12,1797
1764,14,19647,240,1,944
1764,15,21150,242,1,534
1764,16,83422,932,17,3042
1764,17,36400,804,13,644
1764,18,10245,208,3,165
1764,19,19416,345,1,344
1764,20,26888,358,2,932
1764,21,59680,10,4,1370
1763,1,14898,316,36,235
1763,2,20647,308,56,404
1763,3,18303,213,144,818
1763,4,151361,3790,732,4927
1763,5,16912,261,165,962
1763,6,19972,623,45,399
1763,7,17294,386,64,570
1763,8,20275,491,72,561
1763,9,7303,190,25,141
1763,10,24311,270,36,389
1763,11,39027,1345,159,1167
1763,12,8241,177,26,182
1763,13,57752,781,344,2009
1763,14,19646,239,182,1053
1763,15,21149,239,98,635
1763,16,83405,928,499,3370
1763,17,36387,801,106,737
1763,18,10242,208,30,192
1763,19,19415,345,68,415
1763,20,26886,358,167,1064
1763,21,59676,10,217,1621
1762,1,14862,316,41,247
1762,2,20591,306,71,406
1762,3,18159,213,168,772
1762,4,150629,3783,686,4882
1762,5,16747,259,143,964
1762,6,19927,622,55,420
1762,7,17230,383,67,607
1762,8,20203,490,58,567
1762,9,7278,189,42,140
1762,10,24275,270,43,414
1762,11,38868,1343,177,1216
1762,12,8215,177,20,192
1762,13,57408,774,252,1904
1762,14,19464,238,140,1002
1762,15,21051,235,65,649
1762,16,82906,921,515,3365
1762,17,36281,797,97,763
1762,18,10212,206,35,198
1762,19,19347,344,74,413
1762,20,26719,356,219,1040
1762,21,59459,10,273,1683
1761,1,14821,316,38,253
1761,2,20520,305,68,394
1761,3,17991,213,135,710
1761,4,149943,3772,839,5081
1761,5,16604,255,198,952
1761,6,19872,617,63,447
1761,7,17163,380,122,685
1761,8,20145,490,66,593
1761,9,7236,189,12,132
1761,10,24232,268,48,465
1761,11,38691,1337,195,1282
1761,12,8195,176,18,214
1761,13,57156,772,294,1997
1761,14,19324,238,254,1027
1761,15,20986,233,107,702
1761,16,82391,920,530,3316
1761,17,36184,787,187,838
1761,18,10177,205,42,197
1761,19,19273,341,77,405
1761,20,26500,355,228,984
1761,21,59186,10,310,1742
1760,1,14783,315,68,270
1760,2,20452,303,95,401
1760,3,17856,213,159,648
1760,4,149104,3754,846,4981
1760,5,16406,253,177,872
1760,6,19809,616,118,458
1760,7,17041,377,131,626
1760,8,20079,490,94,610
1760,9,7224,187,40,144
1760,10,24184,267,109,475
1760,11,38496,1331,228,1254
1760,12,8177,176,65,222
1760,13,56862,769,315,1973
1760,14,19070,238,277,904
1760,15,20879,230,138,685
1760,16,81861,917,596,3237
1760,17,35997,786,125,785
1760,18,10135,203,39,184
1760,19,19196,338,102,403
1760,20,26272,353,231,886
1760,21,58876,10,273,1722
1759,1,14715,314,1,246
1759,2,20357,303,30,347
1759,3,17697,211,123,568
1759,4,148258,3743,615,4576
1759,5,16229,251,194,790
1759,6,19691,615,66,398
1759,7,16910,376,54,540
1759,8,19985,487,70,549
1759,9,7184,187,3,127
1759,10,24075,265,35,429
1759,11,38268,1328,128,1123
1759,12,8112,175,25,177
1759,13,56547,767,261,1724
1759,14,18793,238,151,740
1759,15,20741,228,94,620
1759,16,81265,915,461,2756
1759,17,35872,784,65,797
1759,18,10096,203,10,166
1759,19,19094,338,38,350
1759,20,26041,352,128,801
1759,21,58603,10,251,1653
1758,1,14714,311,4,301
1758,2,20327,302,32,374
1758,3,17574,210,4,520
1758,4,147643,3729,141,4663
1758,5,16035,249,11,724
1758,6,19625,612,2,422
1758,7,16856,374,5,542
1758,8,19915,487,6,556
1758,9,7181,186,0,171
1758,10,24040,264,0,482
1758,11,38140,1323,25,1153
1758,12,8087,175,0,176
1758,13,56286,766,10,1634
1758,14,18642,238,3,717
1758,15,20647,224,5,635
1758,16,80804,913,17,2566
1758,17,35807,780,42,874
1758,18,10086,202,21,190
1758,19,19056,337,2,373
1758,20,25913,351,4,829
1758,21,58352,10,33,1668
1757,1,14710,310,36,354
1757,2,20295,302,27,418
1757,3,17570,209,105,579
1757,4,147502,3710,493,5400
1757,5,16024,246,111,878
1757,6,19623,609,32,477
1757,7,16851,374,31,617
1757,8,19909,484,68,645
1757,9,7181,186,14,196
1757,10,24040,262,57,542
1757,11,38115,1316,132,1315
1757,12,8087,174,19,195
1757,13,56276,759,129,1929
1757,14,18639,237,23,809
1757,15,20642,220,31,751
1757,16,80787,910,229,2948
1757,17,35765,776,57,970
1757,18,10065,202,23,233
1757,19,19054,335,41,432
1757,20,25909,350,95,968
1757,21,58319,10,183,1950
1756,1,14674,310,41,377
1756,2,20268,298,78,461
1756,3,17465,209,82,556
1756,4,147009,3698,782,5749
1756,5,15913,246,135,931
1756,6,19591,609,81,509
1756,7,16820,373,107,687
1756,8,19841,484,82,637
1756,9,7167,185,27,212
1756,10,23983,260,59,540
1756,11,37983,1308,182,1383
1756,12,8068,173,35,202
1756,13,56147,757,301,2044
1756,14,18616,234,176,879
1756,15,20611,217,119,822
1756,16,80558,904,424,3059
1756,17,35708,771,171,1063
1756,18,10042,202,18,253
1756,19,19013,335,62,449
1756,20,25814,347,187,1001
1756,21,58136,10,338,2121
1755,1,14633,309,108,394
1755,2,20190,297,108,458
1755,3,17383,208,132,537
1755,4,146227,3687,825,5846
1755,5,15778,245,139,913
1755,6,19510,606,77,506
1755,7,16713,372,97,700
1755,8,19759,483,82,645
1755,9,7140,182,66,208
1755,10,23924,259,64,568
1755,11,37801,1303,305,1437
1755,12,8033,173,42,188
1755,13,55846,754,263,2024
1755,14,18440,233,146,794
1755,15,20492,211,122,835
1755,16,80134,901,383,3016
1755,17,35537,769,174,1041
1755,18,10024,199,69,283
1755,19,18951,331,84,465
1755,20,25627,347,147,926
1755,21,57798,10,345,2147
1754,1,14525,309,9,359
1754,2,20082,296,88,413
1754,3,17251,207,91,473
1754,4,145402,3669,801,6086
1754,5,15639,244,151,907
1754,6,19433,603,77,517
1754,7,16616,369,112,730
1754,8,19677,480,76,658
1754,9,7074,182,11,186
1754,10,23860,258,85,596
1754,11,37496,1298,134,1348
1754,12,7991,173,33,200
1754,13,55583,748,263,2122
1754,14,18294,233,181,783
1754,15,20370,211,139,858
1754,16,79751,896,531,2980
1754,17,35363,765,262,1071
1754,18,9955,199,47,266
1754,19,18867,330,83,477
1754,20,25480,345,174,913
1754,21,57453,10,417,2139
1753,1,14516,307,115,416
1753,2,19994,295,62,402
1753,3,17160,207,75,437
1753,4,144601,3654,1055,6091
1753,5,15488,240,190,886
1753,6,19356,601,146,528
1753,7,16504,367,168,716
1753,8,19601,480,108,683
1753,9,7063,181,52,206
1753,10,23775,258,152,602
1753,11,37362,1295,298,1415
1753,12,7958,172,42,195
1753,13,55320,746,415,2140
1753,14,18113,232,203,726
1753,15,20231,210,181,830
1753,16,79220,893,472,2835
1753,17,35101,761,174,958
1753,18,9908,197,9,266
1753,19,18784,328,127,462
1753,20,25306,345,241,849
1753,21,57036,10,386,2066
1752,1,14401,305,33,362
1752,2,19932,290,33,430
1752,3,17085,206,78,414
1752,4,143546,3634,759,5633
1752,5,15298,237,160,836
1752,6,19210,601,82,458
1752,7,16336,364,72,610
1752,8,19493,480,92,609
1752,9,7011,180,17,184
1752,10,23623,257,52,525
1752,11,37064,1292,192,1220
1752,12,7916,171,23,183
1752,13,54905,743,235,1808
1752,14,17910,231,124,628
1752,15,20050,207,119,721
1752,16,78748,890,448,2493
1752,17,34927,756,103,939
1752,18,9899,197,23,297
1752,19,18657,327,39,393
1752,20,25065,344,130,714
1752,21,56650,10,257,1939
1751,1,14368,303,1,393
1751,2,19899,289,26,471
1751,3,17007,204,4,393
1751,4,142787,3618,229,5732
1751,5,15138,234,9,827
1751,6,19128,600,3,480
1751,7,16264,364,3,626
1751,8,19401,479,8,611
1751,9,6994,179,2,213
1751,10,23571,256,1,580
1751,11,36872,1285,21,1214
1751,12,7893,170,0,201
1751,13,54670,737,11,1742
1751,14,17786,228,2,604
1751,15,19931,207,5,671
1751,16,78300,884,14,2308
1751,17,34824,754,37,1024
1751,18,9876,197,24,312
1751,19,18618,325,3,439
1751,20,24935,343,12,729
1751,21,56393,10,38,2011
1750,1,14367,303,42,459
1750,2,19873,286,65,519
1750,3,17003,203,76,455
1750,4,142558,3598,604,6534
1750,5,15129,233,74,1065
1750,6,19125,598,44,570
1750,7,16261,364,36,773
1750,8,19393,479,74,715
1750,9,6992,179,15,236
1750,10,23570,253,65,701
1750,11,36851,1281,243,1413
1750,12,7893,170,18,236
1750,13,54659,736,219,2101
1750,14,17784,225,14,686
1750,15,19926,206,32,759
1750,16,78286,882,242,2671
1750,17,34787,750,84,1141
1750,18,9852,197,8,359
1750,19,18615,324,59,510
1750,20,24923,342,87,830
1750,21,56355,10,238,2368
1749,1,14325,299,59,493
1749,2,19808,285,72,563
1749,3,16927,202,73,445
1749,4,141954,3585,937,6970
1749,5,15055,232,151,1091
1749,6,19081,598,88,618
1749,7,16225,362,99,850
1749,8,19319,477,98,734
1749,9,6977,179,39,234
1749,10,23505,251,78,756
1749,11,36608,1280,135,1354
1749,12,7875,169,25,259
1749,13,54440,734,301,2157
1749,14,17770,225,149,761
1749,15,19894,204,158,819
1749,16,78044,879,462,2745
1749,17,34703,744,170,1242
1749,18,9844,197,130,421
1749,19,18556,321,84,535
1749,20,24836,341,151,862
1749,21,56117,10,401,2574
1748,1,14266,299,121,523
1748,2,19736,282,71,566
1748,3,16854,201,68,422
1748,4,141017,3566,935,7127
1748,5,14904,230,207,1095
1748,6,18993,596,90,649
1748,7,16126,360,122,917
1748,8,19221,476,84,750
1748,9,6938,179,44,226
1748,10,23427,249,73,797
1748,11,36473,1273,234,1492
1748,12,7850,168,41,275
1748,13,54139,731,271,2161
1748,14,17621,225,98,716
1748,15,19736,201,77,783
1748,16,77582,878,334,2747
1748,17,34533,738,236,1256
1748,18,9714,195,45,357
1748,19,18472,321,77,539
1748,20,24685,338,127,815
1748,21,55716,10,442,2611
1747,1,14145,298,81,503
1747,2,19665,282,102,598
1747,3,16786,200,62,426
1747,4,140082,3536,1180,7433
1747,5,14697,229,231,982
1747,6,18903,592,117,654
1747,7,16004,357,139,958
1747,8,19137,474,83,805
1747,9,6894,178,54,222
1747,10,23354,249,96,879
1747,11,36239,1268,248,1503
1747,12,7809,168,28,280
1747,13,53868,727,277,2284
1747,14,17523,223,149,715
1747,15,19659,200,139,864
1747,16,77248,869,382,2860
1747,17,34297,735,288,1264
1747,18,9669,192,35,401
1747,19,18395,320,140,562
1747,20,24558,338,145,823
1747,21,55274,10,452,2667
1746,1,14064,297,176,499
1746,2,19563,281,115,613
1746,3,16724,200,75,441
1746,4,138902,3511,991,7215
1746,5,14466,227,179,860
1746,6,18786,591,166,647
1746,7,15865,355,179,927
1746,8,19054,470,109,870
1746,9,6840,178,20,194
1746,10,23258,247,196,881
1746,11,35991,1265,238,1475
1746,12,7781,167,79,280
1746,13,53591,721,407,2402
1746,14,17374,221,192,641
1746,15,19520,200,176,826
1746,16,76866,863,473,2892
1746,17,34009,733,169,1170
1746,18,9634,192,52,404
1746,19,18255,317,135,524
1746,20,24413,337,206,795
1746,21,54822,10,418,2665
1745,1,13888,296,13,402
1745,2,19448,279,60,585
1745,3,16649,199,77,422
1745,4,137911,3496,819,6902
1745,5,14287,225,168,825
1745,6,18620,588,111,574
1745,7,15686,352,101,794
1745,8,18945,470,114,801
1745,9,6820,178,29,200
1745,10,23062,246,49,810
1745,11,35753,1260,215,1348
1745,12,7702,167,34,244
1745,13,53184,715,224,2082
1745,14,17182,221,131,547
1745,15,19344,196,121,741
1745,16,76393,860,360,2556
1745,17,33840,728,137,1181
1745,18,9582,191,13,390
1745,19,18120,316,52,468
1745,20,24207,336,110,678
1745,21,54404,10,324,2557
1744,1,13875,296,3,477
1744,2,19388,279,30,630
1744,3,16572,198,4,406
1744,4,137092,3480,376,7069
1744,5,14119,222,13,821
1744,6,18509,586,1,566
1744,7,15585,349,8,768
1744,8,18831,467,10,775
1744,9,6791,178,32,187
1744,10,23013,243,5,896
1744,11,35538,1249,22,1340
1744,12,7668,167,3,267
1744,13,52960,712,13,2084
1744,14,17051,221,5,520
1744,15,19223,196,19,752
1744,16,76033,856,18,2445
1744,17,33703,721,31,1262
1744,18,9569,189,52,420
1744,19,18068,315,2,505
1744,20,24097,335,8,722
1744,21,54080,10,73,2655
1743,1,13872,296,57,582
1743,2,19358,274,91,708
1743,3,16568,197,55,477
1743,4,136716,3460,788,7889
1743,5,14106,222,73,1028
1743,6,18508,583,55,667
1743,7,15577,347,44,937
1743,8,18821,466,90,924
1743,9,6759,178,9,174
1743,10,23008,242,123,1040
1743,11,35516,1248,169,1571
1743,12,7665,165,29,307
1743,13,52947,709,242,2455
1743,14,17046,221,14,620
1743,15,19204,193,41,883
1743,16,76015,854,237,2897
1743,17,33672,718,120,1452
1743,18,9517,187,6,420
1743,19,18066,314,58,603
1743,20,24089,334,96,838
1743,21,54007,10,399,3006
1742,1,13815,296,93,617
1742,2,19267,272,132,739
1742,3,16513,197,74,506
1742,4,135928,3442,1099,8297
1742,5,14033,219,174,1088
1742,6,18453,581,121,759
1742,7,15533,345,166,1068
1742,8,18731,463,105,1014
1742,9,6750,178,37,201
1742,10,22885,240,116,1040
1742,11,35347,1238,299,1686
1742,12,7636,165,31,341
1742,13,52705,704,304,2538
1742,14,17032,220,126,696
1742,15,19163,190,128,988
1742,16,75778,849,395,3102
1742,17,33552,711,255,1558
1742,18,9511,185,60,500
1742,19,18008,313,110,647
1742,20,23993,332,143,863
1742,21,53608,10,497,3100
1741,1,13722,295,221,618
1741,2,19135,272,105,718
1741,3,16439,197,62,473
1741,4,134829,3422,1158,8430
1741,5,13859,218,185,1036
1741,6,18332,579,146,749
1741,7,15367,344,136,1081
1741,8,18626,462,109,1060
1741,9,6713,178,36,191
1741,10,22769,239,156,1062
1741,11,35048,1234,206,1659
1741,12,7605,165,79,362
1741,13,52401,700,314,2585
1741,14,16906,220,82,674
1741,15,19035,185,115,1009
1741,16,75383,846,306,3284
1741,17,33297,707,262,1531
1741,18,9451,183,69,498
1741,19,17898,308,134,654
1741,20,23850,332,108,842
1741,21,53111,10,532,3133
1740,1,13501,295,20,504
1740,2,19030,272,219,760
1740,3,16377,196,74,492
1740,4,133671,3409,1376,8569
1740,5,13674,217,240,1020
1740,6,18186,578,132,716
1740,7,15231,341,163,1126
1740,8,18517,457,126,1163
1740,9,6677,178,48,201
1740,10,22613,238,125,1101
1740,11,34842,1228,317,1806
1740,12,7526,165,34,371
1740,13,52087,696,310,2758
1740,14,16824,219,132,704
1740,15,18920,183,203,1107
1740,16,75077,844,510,3435
1740,17,33035,700,382,1537
1740,18,9382,181,73,548
1740,19,17764,305,130,625
1740,20,23742,331,140,869
1740,21,52579,10,587,3191
1739,1,13481,294,145,565
1739,2,18811,270,78,661
1739,3,16303,196,107,494
1739,4,132295,3384,1324,8384
1739,5,13434,216,166,968
1739,6,18054,576,177,706
1739,7,15068,334,188,1126
1739,8,18391,452,146,1201
1739,9,6629,176,14,189
1739,10,22488,236,306,1110
1739,11,34525,1219,315,1759
1739,12,7492,165,86,389
1739,13,51777,693,494,2843
1739,14,16692,219,175,670
1739,15,18717,181,212,1081
1739,16,74567,841,530,3433
1739,17,32653,692,216,1387
1739,18,9309,179,116,545
1739,19,17634,304,137,589
1739,20,23602,330,224,850
1739,21,51992,10,553,3064
1738,1,13336,291,64,513
1738,2,18733,269,37,705
1738,3,16196,194,86,472
1738,4,130971,3365,1028,7802
1738,5,13268,213,138,996
1738,6,17877,574,119,618
1738,7,14880,330,116,1017
1738,8,18245,448,159,1108
1738,9,6615,175,22,202
1738,10,22182,234,67,938
1738,11,34210,1214,174,1591
1738,12,7406,164,39,339
1738,13,51283,690,339,2473
1738,14,16517,218,120,583
1738,15,18505,179,113,993
1738,16,74037,837,443,3067
1738,17,32437,687,146,1392
1738,18,9193,175,40,502
1738,19,17497,303,115,543
1738,20,23378,329,112,746
1738,21,51439,10,381,2837
1737,1,13272,290,12,530
1737,2,18696,267,45,788
1737,3,16110,193,5,458
1737,4,129943,3339,532,7869
1737,5,13130,211,16,1051
1737,6,17758,573,14,622
1737,7,14764,325,3,995
1737,8,18086,444,5,1116
1737,9,6593,174,2,221
1737,10,22115,233,0,1061
1737,11,34036,1210,31,1664
1737,12,7367,164,2,356
1737,13,50944,685,15,2385
1737,14,16397,217,3,578
1737,15,18392,176,14,991
1737,16,73594,833,28,3023
1737,17,32291,679,68,1510
1737,18,9153,173,111,549
1737,19,17382,301,5,517
1737,20,23266,329,6,768
1737,21,51058,10,114,2839
1736,1,13260,289,108,612
1736,2,18651,267,123,838
1736,3,16105,191,66,532
1736,4,129411,3318,934,8749
1736,5,13114,210,98,1280
1736,6,17744,571,52,728
1736,7,14761,321,35,1172
1736,8,18081,442,121,1357
1736,9,6591,173,29,250
1736,10,22115,230,131,1241
1736,11,34005,1203,226,1919
1736,12,7365,163,49,412
1736,13,50929,679,286,2981
1736,14,16394,216,14,697
1736,15,18378,171,75,1163
1736,16,73566,829,268,3406
1736,17,32223,677,83,1671
1736,18,9042,171,33,538
1736,19,17377,301,71,646
1736,20,23260,327,82,902
1736,21,50944,10,455,3232
1735,1,13152,286,129,562
1735,2,18528,262,131,836
1735,3,16039,190,67,550
1735,4,128477,3305,1300,8724
1735,5,13016,210,196,1334
1735,6,17692,568,172,778
1735,7,14726,318,239,1240
1735,8,17960,434,157,1306
1735,9,6562,172,65,249
1735,10,21984,230,136,1274
1735,11,33779,1192,323,1906
1735,12,7316,162,66,405
1735,13,50643,678,360,2790
1735,14,16380,215,160,790
1735,15,18303,170,169,1189
1735,16,73298,823,491,3473
1735,17,32140,675,416,1825
1735,18,9009,168,36,584
1735,19,17306,301,141,658
1735,20,23178,326,150,933
1735,21,50489,10,598,3147
1733,1,13023,285,192,515
1733,2,18397,262,132,840
1733,3,15972,190,98,601
1733,4,127177,3288,1371,8987
1733,5,12820,208,207,1295
1733,6,17520,567,157,723
1733,7,14487,317,235,1186
1733,8,17803,434,174,1323
1733,9,6497,172,10,228
1733,10,21848,228,146,1341
1733,11,33456,1185,350,1877
1733,12,7250,162,64,390
1733,13,50283,669,295,2830
1733,14,16220,214,69,763
1733,15,18134,169,158,1188
1733,16,72807,818,467,3584
1733,17,31724,672,380,1656
1733,18,8973,168,153,676
1733,19,17165,300,144,638
1733,20,23028,326,139,924
1733,21,49891,10,519,3166
1732,1,12831,283,44,430
1732,2,18265,258,200,866
1732,3,15874,189,63,604
1732,4,125806,3260,1472,8915
1732,5,12613,203,262,1201
1732,6,17363,567,178,708
1732,7,14252,316,196,1226
1732,8,17629,426,312,1408
1732,9,6487,172,75,266
1732,10,21702,225,176,1433
1732,11,33106,1178,353,1861
1732,12,7186,162,60,391
1732,13,49988,665,474,3043
1732,14,16151,213,177,804
1732,15,17976,166,188,1232
1732,16,72340,815,597,3692
1732,17,31344,670,331,1544
1732,18,8820,166,54,604
1732,19,17021,299,130,622
1732,20,22889,326,190,922
1732,21,49372,10,714,3181
1731,1,12787,275,82,470
1731,2,18065,257,118,782
1731,3,15811,189,116,648
1731,4,124334,3244,1447,8588
1731,5,12351,203,172,1045
1731,6,17185,561,131,659
1731,7,14056,313,294,1179
1731,8,17317,423,82,1275
1731,9,6412,172,35,234
1731,10,21526,223,342,1456
1731,11,32753,1169,292,1802
1731,12,7126,161,100,364
1731,13,49514,660,532,2967
1731,14,15974,213,212,731
1731,15,17788,164,228,1224
1731,16,71743,815,557,3578
1731,17,31013,666,399,1449
1731,18,8766,164,196,648
1731,19,16891,298,118,600
1731,20,22699,325,211,897
1731,21,48658,10,472,2967
1730,1,12705,275,74,459
1730,2,17947,254,95,783
1730,3,15695,188,109,619
1730,4,122887,3219,1308,7834
1730,5,12179,201,232,994
1730,6,17054,559,166,619
1730,7,13762,312,167,982
1730,8,17235,419,167,1259
1730,9,6377,171,17,245
1730,10,21184,222,112,1267
1730,11,32461,1166,244,1663
1730,12,7026,158,64,305
1730,13,48982,656,342,2551
1730,14,15762,213,139,648
1730,15,17560,160,210,1084
1730,16,71186,812,493,3190
1730,17,30614,661,172,1298
1730,18,8570,164,50,589
1730,19,16773,294,118,562
1730,20,22488,324,143,794
1730,21,48186,10,504,2796
1724,1,12631,274,18,457
1724,2,17852,253,126,825
1724,3,15586,188,14,615
1724,4,121579,3200,565,7460
1724,5,11947,198,13,902
1724,6,16888,555,42,574
1724,7,13595,312,5,917
1724,8,17068,415,47,1242
1724,9,6360,171,22,279
1724,10,21072,221,12,1394
1724,11,32217,1164,55,1668
1724,12,6962,155,2,295
1724,13,48640,652,22,2486
1724,14,15623,210,7,621
1724,15,17350,159,83,962
1724,16,70693,806,23,3000
1724,17,30442,656,45,1369
1724,18,8520,163,55,624
1724,19,16655,292,4,584
1724,20,22345,322,8,821
1724,21,47682,10,159,2630
1722,1,12613,270,65,532
1722,2,17726,253,145,839
1722,3,15572,185,93,707
1722,4,121014,3171,1053,8185
1722,5,11934,198,110,976
1722,6,16846,553,65,648
1722,7,13590,308,61,1076
1722,8,17021,412,302,1377
1722,9,6338,170,32,319
1722,10,21060,220,288,1577
1722,11,32162,1157,234,1890
1722,12,6960,154,45,361
1722,13,48618,647,335,2995
1722,14,15616,210,42,744
1722,15,17267,155,84,1063
1722,16,70670,803,421,3609
1722,17,30397,653,199,1572
1722,18,8465,162,32,667
1722,19,16651,290,102,682
1722,20,22337,322,122,956
1722,21,47523,10,432,2933
1721,1,12548,269,115,563
1721,2,17581,253,78,821
1721,3,15479,184,115,735
1721,4,119961,3149,1327,8467
1721,5,11824,198,221,995
1721,6,16781,550,190,719
1721,7,13529,305,234,1194
1721,8,16719,411,108,1270
1721,9,6306,169,58,326
1721,10,20772,219,249,1492
1721,11,31928,1148,284,1912
1721,12,6915,154,81,387
1721,13,48283,643,572,3078
1721,14,15574,209,170,814
1721,15,17183,154,174,1168
1721,16,70249,797,395,3796
1721,17,30198,649,246,1596
1721,18,8433,161,192,795
1721,19,16549,289,153,695
1721,20,22215,322,163,1001
1721,21,47091,10,489,3057
1720,1,12433,266,14,568
1720,2,17503,250,83,883
1720,3,15364,183,58,754
1720,4,118634,3130,644,8558
1720,5,11603,195,91,930
1720,6,16591,548,6,680
1720,7,13295,301,4,1182
1720,8,16611,410,21,1346
1720,9,6248,169,14,319
1720,10,20523,218,6,1509
1720,11,31644,1138,239,1934
1720,12,6834,153,4,372
1720,13,47711,641,16,2915
1720,14,15404,209,36,797
1720,15,17009,153,11,1211
1720,16,69854,793,351,4031
1720,17,29952,647,248,1594
1720,18,8241,159,61,688
1720,19,16396,285,72,670
1720,20,22052,320,104,1015
1720,21,46602,10,151,3017
1729,1,12419,265,133,650
1729,2,17420,249,209,947
1729,3,15306,183,128,854
1729,4,117990,3119,1629,9438
1729,5,11512,194,213,999
1729,6,16585,540,165,833
1729,7,13291,296,329,1420
1729,8,16590,403,191,1602
1729,9,6234,169,60,394
1729,10,20517,218,229,1800
1729,11,31405,1130,373,2016
1729,12,6830,152,87,433
1729,13,47695,635,503,3534
1729,14,15368,209,162,874
1729,15,16998,151,384,1426
1729,16,69503,788,592,4306
1729,17,29704,646,340,1608
1729,18,8180,158,264,742
1729,19,16324,280,144,723
1729,20,21948,318,250,1075
1729,21,46451,10,885,3360
1718,1,12286,259,133,600
1718,2,17211,245,209,880
1718,3,15178,183,167,902
1718,4,116361,3101,1365,9055
1718,5,11299,193,177,899
1718,6,16420,537,187,804
1718,7,12962,295,252,1220
1718,8,16399,400,284,1650
1718,9,6174,169,87,391
1718,10,20288,217,456,1794
1718,11,31032,1126,346,1941
1718,12,6743,150,101,407
1718,13,47192,627,591,3469
1718,14,15206,209,204,868
1718,15,16614,149,206,1256
1718,16,68911,785,616,4314
1718,17,29364,642,275,1523
1718,18,7916,157,39,573
1718,19,16180,279,176,685
1718,20,21698,317,225,1000
1718,21,45566,10,574,2913
1717,1,12153,259,91,580
1717,2,17002,242,63,780
1717,3,15011,182,88,869
1717,4,114996,3080,1142,8405
1717,5,11122,192,172,883
1717,6,16233,533,179,737
1717,7,12710,294,88,1038
1717,8,16115,399,186,1460
1717,9,6087,168,15,360
1717,10,19832,216,111,1526
1717,11,30686,1121,257,1764
1717,12,6642,150,44,359
1717,13,46601,621,314,2973
1717,14,15002,206,182,787
1717,15,16408,147,57,1135
1717,16,68295,781,510,3835
1717,17,29089,639,176,1443
1717,18,7877,154,28,629
1717,19,16004,277,123,640
1717,20,21473,315,166,914
1717,21,44992,10,451,2643
1728,1,12062,257,86,604
1728,2,16939,239,33,849
1728,3,14923,181,18,960
1728,4,113854,3063,523,8270
1728,5,10950,192,17,875
1728,6,16054,532,8,734
1728,7,12622,290,9,1076
1728,8,15929,397,18,1439
1728,9,6072,168,18,407
1728,10,19721,213,3,1658
1728,11,30429,1115,35,1765
1728,12,6598,148,3,388
1728,13,46287,618,29,2985
1728,14,14820,205,2,769
1728,15,16351,146,12,1187
1728,16,67785,779,40,3765
1728,17,28913,638,56,1518
1728,18,7849,154,107,680
1728,19,15881,276,3,652
1728,20,21307,315,11,905
1728,21,44541,10,104,2576
1716,1,11976,255,30,642
1716,2,16906,237,155,953
1716,3,14905,181,97,1160
1716,4,113331,3048,984,8965
1716,5,10933,191,131,1075
1716,6,16046,527,54,847
1716,7,12613,286,84,1243
1716,8,15911,395,166,1631
1716,9,6054,167,29,436
1716,10,19718,213,228,1912
1716,11,30394,1111,239,2008
1716,12,6595,148,51,467
1716,13,46258,615,369,3491
1716,14,14818,205,6,918
1716,15,16339,143,160,1381
1716,16,67745,774,383,4334
1716,17,28857,634,255,1713
1716,18,7742,153,93,671
1716,19,15878,273,119,769
1716,20,21296,315,132,1069
1716,21,44437,10,386,2946
1715,1,11946,253,122,735
1715,2,16751,236,143,937
1715,3,14808,180,129,1279
1715,4,112347,3038,1466,9160
1715,5,10802,190,144,1098
1715,6,15992,526,204,951
1715,7,12529,285,200,1295
1715,8,15745,393,212,1661
1715,9,6025,167,77,483
1715,10,19490,213,229,1906
1715,11,30155,1108,340,2073
1715,12,6544,147,71,501
1715,13,45889,610,502,3595
1715,14,14812,202,212,1071
1715,15,16179,142,186,1392
1715,16,67362,770,696,4505
1715,17,28602,633,297,1712
1715,18,7649,152,85,715
1715,19,15759,271,136,809
1715,20,21164,314,232,1111
1715,21,44051,10,632,3006
1714,1,11824,252,252,743
1714,2,16608,234,140,928
1714,3,14679,180,169,1364
1714,4,110881,3011,1582,9005
1714,5,10658,188,159,1075
1714,6,15788,522,228,976
1714,7,12329,284,186,1308
1714,8,15533,391,187,1699
1714,9,5948,167,98,465
1714,10,19261,212,252,1898
1714,11,29815,1102,360,2055
1714,12,6473,146,77,539
1714,13,45387,600,417,3732
1714,14,14600,201,156,1008
1714,15,15993,142,131,1381
1714,16,66666,770,566,4578
1714,17,28305,628,339,1689
1714,18,7564,151,234,723
1714,19,15623,270,160,812
1714,20,20932,313,223,1053
1714,21,43419,10,533,2815
1713,1,11572,250,73,574
1713,2,16468,233,293,919
1713,3,14510,178,230,1407
1713,4,109299,3000,1564,8597
1713,5,10499,188,210,1014
1713,6,15560,519,199,905
1713,7,12143,281,236,1193
1713,8,15346,390,317,1625
1713,9,5850,167,61,437
1713,10,19009,209,322,1794
1713,11,29455,1094,380,1959
1713,12,6396,145,79,539
1713,13,44970,598,504,3737
1713,14,14444,197,208,997
1713,15,15862,142,316,1381
1713,16,66100,766,668,4409
1713,17,27966,626,307,1567
1713,18,7330,151,31,559
1713,19,15463,267,190,791
1713,20,20709,310,224,1020
1713,21,42886,10,575,2665
1727,1,11499,249,161,568
1727,2,16175,233,134,708
1727,3,14280,177,209,1347
1727,4,107735,2980,1432,7857
1727,5,10289,187,149,891
1727,6,15361,515,151,837
1727,7,11907,278,295,1004
1727,8,15029,387,357,1394
1727,9,5789,166,91,413
1727,10,18687,208,499,1588
1727,11,29075,1086,338,1745
1727,12,6317,145,133,519
1727,13,44466,590,623,3354
1727,14,14236,197,211,909
1727,15,15546,141,278,1141
1727,16,65432,763,740,4031
1727,17,27659,624,428,1432
1727,18,7299,148,165,581
1727,19,15273,263,160,694
1727,20,20485,308,249,950
1727,21,42311,10,512,2333
1712,1,11338,249,69,483
1712,2,16041,232,63,665
1712,3,14071,177,281,1300
1712,4,106303,2960,1110,7377
1712,5,10140,187,142,859
1712,6,15210,511,180,874
1712,7,11612,276,121,768
1712,8,14672,387,118,1126
1712,9,5698,165,47,379
1712,10,18188,207,173,1227
1712,11,28737,1085,285,1552
1712,12,6184,145,82,424
1712,13,43843,586,411,2839
1712,14,14025,195,217,815
1712,15,15268,140,177,988
1712,16,64692,758,541,3447
1712,17,27231,622,209,1202
1712,18,7134,147,17,476
1712,19,15113,261,143,650
1712,20,20236,305,183,840
1712,21,41799,10,397,2090
1726,1,11269,246,22,541
1726,2,15978,232,50,709
1726,3,13790,174,5,1186
1726,4,105193,2948,557,7258
1726,5,9998,187,70,777
1726,6,15030,509,13,896
1726,7,11491,273,1,725
1726,8,14554,382,34,1117
1726,9,5651,164,1,368
1726,10,18015,206,9,1159
1726,11,28452,1079,76,1486
1726,12,6102,145,2,396
1726,13,43432,581,18,2692
1726,14,13808,193,4,711
1726,15,15091,138,56,903
1726,16,64151,753,40,3257
1726,17,27022,620,53,1139
1726,18,7117,144,124,510
1726,19,14970,260,2,622
1726,20,20053,301,8,834
1726,21,41402,10,97,1979
1711,1,11247,243,85,635
1711,2,15928,232,141,767
1711,3,13785,172,209,1322
1711,4,104636,2936,1004,7655
1711,5,9928,186,134,757
1711,6,15017,505,96,972
1711,7,11490,270,70,838
1711,8,14520,380,161,1192
1711,9,5650,163,52,406
1711,10,18006,206,205,1264
1711,11,28376,1076,246,1642
1711,12,6100,143,71,432
1711,13,43414,578,387,3105
1711,14,13804,190,19,839
1711,15,15035,138,33,940
1711,16,64111,750,436,3691
1711,17,26969,618,195,1216
1711,18,6993,143,5,457
1711,19,14968,260,109,718
1711,20,20045,301,140,974
1711,21,41305,10,361,2178
1710,1,11162,241,123,647
1710,2,15787,232,160,708
1710,3,13576,171,220,1269
1710,4,103632,2921,1619,7623
1710,5,9794,186,175,691
1710,6,14921,505,462,958
1710,7,11420,266,171,856
1710,8,14359,378,220,1131
1710,9,5598,163,78,405
1710,10,17801,204,273,1159
1710,11,28130,1073,333,1606
1710,12,6029,142,95,422
1710,13,43027,574,553,3061
1710,14,13785,188,190,943
1710,15,15002,137,342,1021
1710,16,63675,745,621,3659
1710,17,26774,615,277,1165
1710,18,6988,142,175,533
1710,19,14859,258,186,716
1710,20,19905,299,245,981
1710,21,40944,10,576,2135
1709,1,11039,240,167,626
1709,2,15627,232,259,644
1709,3,13356,169,262,1201
1709,4,102013,2907,1599,6957
1709,5,9619,183,162,590
1709,6,14459,503,246,655
1709,7,11249,265,130,789
1709,8,14139,376,412,1028
1709,9,5520,163,140,372
1709,10,17528,204,198,978
1709,11,27797,1069,370,1494
1709,12,5934,142,117,387
1709,13,42474,569,538,2839
1709,14,13595,188,233,875
1709,15,14660,136,156,780
1709,16,63054,740,587,3458
1709,17,26497,611,314,1068
1709,18,6813,141,141,419
1709,19,14673,255,163,652
1709,20,19660,297,202,894
1709,21,40368,10,536,1835
1708,1,10872,239,92,542
1708,2,15368,232,66,474
1708,3,13094,166,267,1067
1708,4,100414,2899,1475,6304
1708,5,9457,183,188,530
1708,6,14213,502,55,526
1708,7,11119,264,333,751
1708,8,13727,376,74,728
1708,9,5380,163,60,292
1708,10,17330,203,343,893
1708,11,27427,1064,258,1342
1708,12,5817,142,109,313
1708,13,41936,563,676,2706
1708,14,13362,187,274,785
1708,15,14504,134,190,732
1708,16,62467,737,755,3301
1708,17,26183,611,248,934
1708,18,6672,141,35,356
1708,19,14510,252,167,603
1708,20,19458,296,235,883
1708,21,39832,10,410,1566
1707,1,10780,239,100,506
1707,2,15302,231,59,474
1707,3,12827,166,258,929
1707,4,98939,2890,1373,5613
1707,5,9269,182,112,410
1707,6,14158,500,121,609
1707,7,10786,262,67,479
1707,8,13653,373,187,729
1707,9,5320,163,42,278
1707,10,16987,203,82,645
1707,11,27169,1060,231,1311
1707,12,5708,142,48,259
1707,13,41260,561,369,2339
1707,14,13088,186,117,605
1707,15,14314,133,123,625
1707,16,61712,734,451,2938
1707,17,25935,609,138,825
1707,18,6637,141,43,368
1707,19,14343,251,133,552
1707,20,19223,296,222,759
1707,21,39422,10,297,1447
1725,1,10680,237,5,484
1725,2,15243,231,13,477
1725,3,12569,165,35,759
1725,4,97566,2872,146,4915
1725,5,9157,181,12,361
1725,6,14037,500,19,623
1725,7,10719,262,1,464
1725,8,13466,369,4,613
1725,9,5278,162,6,280
1725,10,16905,203,4,656
1725,11,26938,1059,83,1200
1725,12,5660,141,6,253
1725,13,40891,560,23,2024
1725,14,12971,185,19,565
1725,15,14191,133,5,570
1725,16,61261,732,259,2574
1725,17,25797,609,44,804
1725,18,6594,136,12,396
1725,19,14210,250,56,515
1725,20,19001,294,9,644
1725,21,39125,10,24,1385
1706,1,10675,231,10675,555
1706,2,15230,231,15230,541
1706,3,12534,164,12534,837
1706,4,97420,2857,97420,5641
1706,5,9145,181,9145,416
1706,6,14018,499,14018,668
1706,7,10718,260,10718,514
1706,8,13462,368,13462,698
1706,9,5272,162,5272,324
1706,10,16901,203,16901,731
1706,11,26855,1056,26855,1287
1706,12,5654,141,5654,293
1706,13,40868,556,40868,2197
1706,14,12952,185,12952,681
1706,15,14186,133,14186,635
1706,16,61002,729,61002,2578
1706,17,25753,607,25753,873
1706,18,6582,136,6582,436
1706,19,14154,249,14154,573
1706,20,18992,293,18992,793
1706,21,39101,10,39101,1613
